{"cameraMode":{"drawMode":0,"name":"Shaded","section":"Shading Mode"},"sceneLighting":false,"audioPlay":false,"sceneViewState":{"showFog":true,"showMaterialUpdate":true,"showSkybox":true,"showFlares":true,"showImageEffects":true,"showParticleSystems":true},"in2DMode":false,"pivot":{"x":0.0,"y":0.0003066062927246094,"z":0.014328718185424805},"rotation":{"x":-0.6738191246986389,"y":-0.06379341334104538,"z":0.05857732146978378,"w":-0.7338030934333801},"size":14.020428657531739,"orthographic":false}