{"cameraMode":{"drawMode":0,"name":"Shaded","section":"Shading Mode"},"sceneLighting":false,"audioPlay":false,"sceneViewState":{"showFog":true,"showMaterialUpdate":true,"showSkybox":true,"showFlares":true,"showImageEffects":true,"showParticleSystems":true},"in2DMode":false,"pivot":{"x":0.004469573497772217,"y":1.381176471710205,"z":-7.23177433013916},"rotation":{"x":0.12505605816841126,"y":0.06899257749319077,"z":0.0087180957198143,"w":-0.9897096157073975},"size":3.9913856983184816,"orthographic":false}