{"cameraMode":{"drawMode":0,"name":"Shaded","section":"Shading Mode"},"sceneLighting":false,"audioPlay":false,"sceneViewState":{"showFog":true,"showMaterialUpdate":true,"showSkybox":true,"showFlares":true,"showImageEffects":true,"showParticleSystems":true},"in2DMode":false,"pivot":{"x":0.06946447491645813,"y":0.7354605197906494,"z":0.2504136562347412},"rotation":{"x":0.12505605816841126,"y":0.06899257749319077,"z":0.0087180957198143,"w":-0.9897096157073975},"size":4.034497261047363,"orthographic":false}