{"cameraMode":{"drawMode":0,"name":"Shaded","section":"Shading Mode"},"sceneLighting":true,"audioPlay":false,"sceneViewState":{"showFog":true,"showMaterialUpdate":true,"showSkybox":true,"showFlares":true,"showImageEffects":true,"showParticleSystems":true},"in2DMode":false,"pivot":{"x":1.250385046005249,"y":3.4807286262512209,"z":-0.082000732421875},"rotation":{"x":0.051405977457761767,"y":-0.7402394413948059,"z":0.056969981640577319,"w":0.6679501533508301},"size":1.0781168937683106,"orthographic":false}