{"cameraMode":{"drawMode":0,"name":"Shaded","section":"Shading Mode"},"sceneLighting":false,"audioPlay":false,"sceneViewState":{"showFog":true,"showMaterialUpdate":true,"showSkybox":true,"showFlares":true,"showImageEffects":true,"showParticleSystems":true},"in2DMode":false,"pivot":{"x":1.6320240497589112,"y":0.4108346104621887,"z":0.024999961256980897},"rotation":{"x":0.1105884462594986,"y":-0.09346897900104523,"z":0.010450908914208413,"w":0.989406168460846},"size":0.6452344655990601,"orthographic":false}