{"cameraMode":{"drawMode":0,"name":"Shaded","section":"Shading Mode"},"sceneLighting":false,"audioPlay":false,"sceneViewState":{"showFog":true,"showMaterialUpdate":true,"showSkybox":true,"showFlares":true,"showImageEffects":true,"showParticleSystems":true},"in2DMode":false,"pivot":{"x":0.10322195291519165,"y":0.880852460861206,"z":0.17268162965774537},"rotation":{"x":0.12505605816841126,"y":0.06899257749319077,"z":0.0087180957198143,"w":-0.9897096157073975},"size":4.507711887359619,"orthographic":false}