{"cameraMode":{"drawMode":0,"name":"Shaded","section":"Shading Mode"},"sceneLighting":true,"audioPlay":false,"sceneViewState":{"showFog":true,"showMaterialUpdate":true,"showSkybox":true,"showFlares":true,"showImageEffects":true,"showParticleSystems":true},"in2DMode":false,"pivot":{"x":1.1971378326416016,"y":2.1896839141845705,"z":-0.04267232492566109},"rotation":{"x":0.543620765209198,"y":-0.1135035827755928,"z":0.07449597120285034,"w":0.828277587890625},"size":1.6599074602127076,"orthographic":false}